"https://www.youtube.com/watch?v=c9kX-RYFUi0","c9kX-RYFUi0","call me","90'S Flav","sTy"
"https://www.youtube.com/watch?v=GgVcgbtHY9k","GgVcgbtHY9k","sorry i like you","Burbank","sTy"
"https://www.youtube.com/watch?v=ADp9P3p85w0","ADp9P3p85w0","5:32PM","The Deli","sTy"
"https://www.youtube.com/watch?v=yfUTqMCUhqI","yfUTqMCUhqI","Angels","Boaa","sTy"
"https://www.youtube.com/watch?v=gg0o3fupOsM","gg0o3fupOsM","show me a miracle","Lamar Azul","sTy"
"https://www.youtube.com/watch?v=oFOngOVpRBY","oFOngOVpRBY","summer '19","Nat","sTy"
"https://www.youtube.com/watch?v=aQA0KIRg0qY","aQA0KIRg0qY","glass","Nekoi","sTy"
"https://www.youtube.com/watch?v=LXybWcPHMXc","LXybWcPHMXc","for the best","For The Best","sTy"
"https://www.youtube.com/watch?v=D8-o66Kotdo","D8-o66Kotdo","On My Mind","Ayeon","sTy"
"https://www.youtube.com/watch?v=nev9EJbx5VA","nev9EJbx5VA","h e a v e n","Dontaskalex","sTy"
"https://www.youtube.com/watch?v=XHxeSoSVpw4","XHxeSoSVpw4","Camping","Two Sleepy","sTy"
"https://www.youtube.com/watch?v=YuRt471Ttxw","YuRt471Ttxw","hey let's get some coffee","Iam6Teen","sTy"
"https://www.youtube.com/watch?v=HQJ-LXzn9iw","HQJ-LXzn9iw","mind ya biz","Wünsche","sTy"
"https://www.youtube.com/watch?v=yzoshPR6wCQ","yzoshPR6wCQ","Leaves","Taiko","sTy"
"https://www.youtube.com/watch?v=w6gABWywpj4","w6gABWywpj4","under the same sky","Nilöwh","sTy"
"https://www.youtube.com/watch?v=WSA73o_t23U","WSA73o_t23U","Breath Of Fresh Air","Jay-Lounge","sTy"
"https://www.youtube.com/watch?v=BWVBURT3P70","BWVBURT3P70","runaway dream","Aekasora","sTy"
"https://www.youtube.com/watch?v=h1ZS5WPUuKc","h1ZS5WPUuKc","Take a walk Lisa","Mellowtape","sTy"
"https://www.youtube.com/watch?v=zQUmcib4h8M","zQUmcib4h8M","Tranquility","Tony Stocker","sTy"
"https://www.youtube.com/watch?v=OBbVS4eQ3dg","OBbVS4eQ3dg","O N T H E R O A D","Super.8","sTy"
"https://www.youtube.com/watch?v=NiGQz67fpxU","NiGQz67fpxU","beachside","E66S 卵","sTy"
"https://www.youtube.com/watch?v=FfGyQl3kJac","FfGyQl3kJac","elevated","Jinsang","sTy"
"https://www.youtube.com/watch?v=ROjGDX_1EPc","ROjGDX_1EPc","In Love With You","Tomppabeats","sTy"
"https://www.youtube.com/watch?v=9yct037aj04","9yct037aj04","Throughout","Rainlord.","sTy"
"https://www.youtube.com/watch?v=MZ3a8m38n6o","MZ3a8m38n6o","dream","Vietra","sTy"
"https://www.youtube.com/watch?v=J2z8CSRP_ok","J2z8CSRP_ok","Monday Loop","Tomppabeats","sTy"
"https://www.youtube.com/watch?v=Zt4lCsI-uuw","Zt4lCsI-uuw","how could you","Stian","sTy"
"https://www.youtube.com/watch?v=fH3_0kdYEdo","fH3_0kdYEdo","unspoken words (audio)","Mxmtoon","sTy"
"https://www.youtube.com/watch?v=GDFjOtUCYms","GDFjOtUCYms","late night walk","Memori","sTy"
"https://www.youtube.com/watch?v=WqCpWu8tgRw","WqCpWu8tgRw","letting go","Potsu","sTy"
"https://www.youtube.com/watch?v=ATA9FHE3CKk","ATA9FHE3CKk","Space (ftVict Molina)","David Alexander","sTy"
"https://www.youtube.com/watch?v=LRx77uCMc40","LRx77uCMc40","kudasai","The Girl I Haven'T Met","sTy"
"https://www.youtube.com/watch?v=8d82SrPn_Ss","8d82SrPn_Ss","Leaves","Taiko","sTy"
"https://www.youtube.com/watch?v=9HOKnM_Tyuo","9HOKnM_Tyuo","sweet nothing","Slipfunc","sTy"
"https://www.youtube.com/watch?v=l9tFfb6BcLw","l9tFfb6BcLw","all you can eat","Cadmio","sTy"
"https://www.youtube.com/watch?v=iMdHq2zHUNA","iMdHq2zHUNA","hey i miss u","Chrsbrry","sTy"
"https://www.youtube.com/watch?v=WAYk_ZAlD4U","WAYk_ZAlD4U","breathe slow","Meltycanon X Rook1E","sTy"
"https://www.youtube.com/watch?v=K1zRSrm0Yrs","K1zRSrm0Yrs","until her whispers fade.","Essence","sTy"
"https://www.youtube.com/watch?v=pR7tapnT1iM","pR7tapnT1iM","lemon tea","S-Ilo","sTy"
"https://www.youtube.com/watch?v=7tBi437ixi8","7tBi437ixi8","keep me warm (ft hazy nights)","Striveau","sTy"
"https://www.youtube.com/watch?v=B054vK6Flm4","B054vK6Flm4","ein","Enluv","sTy"
"https://www.youtube.com/watch?v=FtYtUuMcYCo","FtYtUuMcYCo","Spring Wind","Dominant","sTy"
"https://www.youtube.com/watch?v=U9chzfJX3Mc","U9chzfJX3Mc","Way Back Home","Way Back Home","sTy"
"https://www.youtube.com/watch?v=r2Br7D2laI8","r2Br7D2laI8","Meraki","Hoaks Collective","sTy"
"https://www.youtube.com/watch?v=wZGAGsdl3n0","wZGAGsdl3n0","First Date","Frad","sTy"
"https://www.youtube.com/watch?v=ptSbiEgy9Ng","ptSbiEgy9Ng","Grey","Ronincloud","sTy"
"https://www.youtube.com/watch?v=ehfzNB-ClHg","ehfzNB-ClHg","Always Need You","Hevi","sTy"
"https://www.youtube.com/watch?v=bg8vhyw1YtY","bg8vhyw1YtY","Trevor Ransom","Forging","sTy"
"https://www.youtube.com/watch?v=WMLwvwC66_M","WMLwvwC66_M","without u","Luvbird","sTy"
"https://www.youtube.com/watch?v=uoA8VWtHUK8","uoA8VWtHUK8","attached","Kudasai","sTy"
"https://www.youtube.com/watch?v=sQpI2--ElCI","sQpI2--ElCI","sapphire","Kudasai","sTy"
"https://www.youtube.com/watch?v=vDE0mZpuYKE","vDE0mZpuYKE","voei","Palence","sTy"
"https://www.youtube.com/watch?v=mf6Cv2m1N1Y","mf6Cv2m1N1Y","unlimited","Jordan Maxwell","sTy"
"https://www.youtube.com/watch?v=zw47ymC0RNQ","zw47ymC0RNQ","in your arms.","Saib.","sTy"
"https://www.youtube.com/watch?v=BIIja7qPPI4","BIIja7qPPI4","smile from u.","Jinsang","sTy"
"https://www.youtube.com/watch?v=zvzYjV4Et90","zvzYjV4Et90","Feels Like An Eternity","Tired","sTy"
"https://www.youtube.com/watch?v=1IDVhH1oR_g","1IDVhH1oR_g","I've already told you","Pikom","sTy"
"https://www.youtube.com/watch?v=Rm1SfQlpWFY","Rm1SfQlpWFY","Last Caress","Chopef","sTy"
"https://www.youtube.com/watch?v=7iEaO5LBgCI","7iEaO5LBgCI","a kiss goodbye (ProdKiyoto)","Powfu","sTy"
"https://www.youtube.com/watch?v=jzCKACFf398","jzCKACFf398","stumble","Sapientdream","sTy"
"https://www.youtube.com/watch?v=paJ8a0HEYY4","paJ8a0HEYY4","glitter","Iam6Teen","sTy"
"https://www.youtube.com/watch?v=TCw0_tCrlhs","TCw0_tCrlhs","Single Phial","Hm Surf","sTy"
"https://www.youtube.com/watch?v=sShGuayNfHA","sShGuayNfHA","Juniper","Chris Mazuera X Brillion.","sTy"
"https://www.youtube.com/watch?v=eUohGWsQct0","eUohGWsQct0","Hazey Blue","Mondo Loops","sTy"
"https://www.youtube.com/watch?v=Bksv9OEj1j8","Bksv9OEj1j8","North Pole","Wys","sTy"
"https://www.youtube.com/watch?v=znoDU5_5Xqk","znoDU5_5Xqk","Long Distance (w/ Otaam)","Tabal","sTy"
"https://www.youtube.com/watch?v=pIOZVb97dSk","pIOZVb97dSk","Ages Ago","Flovry X Tender Spring","sTy"
"https://www.youtube.com/watch?v=BJK0WSzf8nA","BJK0WSzf8nA","Verdant w/ chromonicci.","Goosetaf","sTy"
"https://www.youtube.com/watch?v=xD80po-441Y","xD80po-441Y","It's Time","Tabal","sTy"
"https://www.youtube.com/watch?v=K9_fisrwo7E","K9_fisrwo7E","ephemeral","Enra","sTy"
"https://www.youtube.com/watch?v=WwWe4-85SWM","WwWe4-85SWM","rain outside my window","Brillion.","sTy"
"https://www.youtube.com/watch?v=tPTSwrb6FFI","tPTSwrb6FFI","just hearing your voice","Bvg","sTy"
"https://www.youtube.com/watch?v=luORLvUHgwA","luORLvUHgwA","Morning Dreams","Mondo Loops","sTy"
"https://www.youtube.com/watch?v=6OHlh9omoXk","6OHlh9omoXk","Distance","Jordy Chandra","sTy"
"https://www.youtube.com/watch?v=E2GfJTFWreE","E2GfJTFWreE","you'll be okay, I promise","Spencer Hunt","sTy"
"https://www.youtube.com/watch?v=E-8LvsbhqK8","E-8LvsbhqK8","close my eyes","Wys","sTy"
"https://www.youtube.com/watch?v=umfaXctbqOs","umfaXctbqOs","Dancing Trees (w/ felio)","Tabal","sTy"
"https://www.youtube.com/watch?v=37OsNZlF3Xk","37OsNZlF3Xk","mañana","Mell-Ø","sTy"
"https://www.youtube.com/watch?v=UxMlQhVju1U","UxMlQhVju1U","god would be missing me","Psalm Trees","sTy"
"https://www.youtube.com/watch?v=Gu-WxsEZXAQ","Gu-WxsEZXAQ","I didn't mean anything","A L E X","sTy"
"https://www.youtube.com/watch?v=uYXyRwK_Bv0","uYXyRwK_Bv0","Stargazing w/ mell-ø","Ambulo","sTy"
"https://www.youtube.com/watch?v=Vtj-T2c6jf0","Vtj-T2c6jf0","Fourty Nine Yards","A L E X","sTy"
"https://www.youtube.com/watch?v=KdWCxwSfIzI","KdWCxwSfIzI","In Orbit","Ambulo","sTy"
"https://www.youtube.com/watch?v=aLmRdJ_i128","aLmRdJ_i128","when you left","Miscél","sTy"
"https://www.youtube.com/watch?v=z33Pwm5PESw","z33Pwm5PESw","Sendoff","Kupla X Philanthrope","sTy"
"https://www.youtube.com/watch?v=EuvU4YmEkV0","EuvU4YmEkV0","Infinite Memories","Tony Thriller","sTy"
"https://www.youtube.com/watch?v=Nx3PS2NvA8A","Nx3PS2NvA8A","Far Away","Leavv","sTy"
"https://www.youtube.com/watch?v=MUBiDdfvNBY","MUBiDdfvNBY","Trauerfall w// tzelun","E I S U","sTy"
"https://www.youtube.com/watch?v=mvtEp_qC314","mvtEp_qC314","Faces","Acxle","sTy"
"https://www.youtube.com/watch?v=ntqql44-zKg","ntqql44-zKg","With U","Swum X Idealism","sTy"
"https://www.youtube.com/watch?v=JSxGFeIRUe0","JSxGFeIRUe0","Foggy Nights w/ Kupla","Goosetaf","sTy"
"https://www.youtube.com/watch?v=ctQPdasg9v0","ctQPdasg9v0","Always Miss You","Kupla","sTy"
"https://www.youtube.com/watch?v=27jMR7Ldfb4","27jMR7Ldfb4","boardwalk x fujitsu","Joeshort","sTy"
"https://www.youtube.com/watch?v=TxVbpwy-PS4","TxVbpwy-PS4","Amore Com Dolore","Philanthrope & Psalm Trees","sTy"
"https://www.youtube.com/watch?v=iaaipRdgcaM","iaaipRdgcaM","skinny dip","けｍ Surf","sTy"
"https://www.youtube.com/watch?v=DP0PQmkzBjs","DP0PQmkzBjs","Silver Lining","Kupla X J'San","sTy"
"https://www.youtube.com/watch?v=IGNwBFUeNXk","IGNwBFUeNXk","explore","Steezy Prime","sTy"
"https://www.youtube.com/watch?v=rtNKQHB1O9A","rtNKQHB1O9A","One Summer","Ghosting","sTy"
"https://www.youtube.com/watch?v=zMC48NTBKMw","zMC48NTBKMw","Stories From Back When","Kobishi","sTy"
"https://www.youtube.com/watch?v=1yFh3e-FZoQ","1yFh3e-FZoQ","ライヤーライヤー","Evisbeats","sTy"
"https://www.youtube.com/watch?v=9nyxw_kfhk4","9nyxw_kfhk4","murky","Brockbeats","sTy"
"https://www.youtube.com/watch?v=ODXC-MNL5gE","ODXC-MNL5gE","file 13","Marquinch Mogule","sTy"
"https://www.youtube.com/watch?v=byTSqADxc6k","byTSqADxc6k","Shinjuku Metro Line","Saib.","sTy"
"https://www.youtube.com/watch?v=RuU6082aaSg","RuU6082aaSg","e a s t","O̶Xela.","sTy"
"https://www.youtube.com/watch?v=WNR_xrXJpWo","WNR_xrXJpWo","school rooftop","Hisohkah","sTy"
"https://www.youtube.com/watch?v=2pZucuMcjBU","2pZucuMcjBU","Golden Hour","Emilioats","sTy"
"https://www.youtube.com/watch?v=DJOjx-aYz4c","DJOjx-aYz4c","Restless (ftMARTIN $KY)","Chief.","sTy"
"https://www.youtube.com/watch?v=jrjTpR_T4R4","jrjTpR_T4R4","Winter with you","Lilac","sTy"
"https://www.youtube.com/watch?v=mms-z5uBUk0","mms-z5uBUk0","safe space","Ohsin","sTy"
"https://www.youtube.com/watch?v=WlPb1Z3VM60","WlPb1Z3VM60","solitude","Aekasora","sTy"
"https://www.youtube.com/watch?v=MOh6KJyn-as","MOh6KJyn-as","innocence","Ais.Hill","sTy"
"https://www.youtube.com/watch?v=puWf1_JMBQE","puWf1_JMBQE","Quiet Saturday Night","Nohone","sTy"
"https://www.youtube.com/watch?v=DjN8-FvLwaQ","DjN8-FvLwaQ","Kalon","Sxul","sTy"
"https://www.youtube.com/watch?v=sH4ejk8mfDs","sH4ejk8mfDs","Wating For Winter","Onrabus","sTy"
"https://www.youtube.com/watch?v=n44KlRqRzcc","n44KlRqRzcc","merry christmas","Greenface","sTy"
"https://www.youtube.com/watch?v=-F3PJJhBfGA","-F3PJJhBfGA","if i die you better say rip","Nilöwh.","sTy"
"https://www.youtube.com/watch?v=ouI-W-CXFvM","ouI-W-CXFvM","While I Miss You","Kochetkovv","sTy"
"https://www.youtube.com/watch?v=6RxSkswoLf8","6RxSkswoLf8","Lets Talk In Your Backyard","Frrb","sTy"
"https://www.youtube.com/watch?v=dZ_HRLgG_5Q","dZ_HRLgG_5Q","Last May","Yonderling","sTy"
"https://www.youtube.com/watch?v=Cu8YibrkOrQ","Cu8YibrkOrQ","cloudburst (w/ spencer hunt)","Tysu","sTy"
"https://www.youtube.com/watch?v=8K44gsgZNMc","8K44gsgZNMc","Forever","Dawzee","sTy"
"https://www.youtube.com/watch?v=ye0j4P5TIhM","ye0j4P5TIhM","Don't go to sleep (ftShiloh)","Karyawx","aKs"
"https://www.youtube.com/watch?v=7DsfQWh5NCc","7DsfQWh5NCc","Violet in Gray","Herman Lai","aKs"
"https://www.youtube.com/watch?v=pYEjp_YOhqg","pYEjp_YOhqg","Honey Love","Knight Ali","aKs"
"https://www.youtube.com/watch?v=0Pw_HnkujfE","0Pw_HnkujfE","ＭＥＬＡＮＣＨＯＬＹ 悲しい","J E N","aKs"
"https://www.youtube.com/watch?v=9iwjnN0Xqq0","9iwjnN0Xqq0","romance","Android 52","aKs"
"https://www.youtube.com/watch?v=U_6lncNsDzY","U_6lncNsDzY","Yamagsumi (RUDE Remix)","Naruto","aKs"
"https://www.youtube.com/watch?v=MvJc15I9wlo","MvJc15I9wlo","いかないで","Kano (鹿乃)","aKs"
"https://www.youtube.com/watch?v=M2DPotAaySc","M2DPotAaySc","dearest","Lofi.Samurai","aKs"
"https://www.youtube.com/watch?v=1p_r3Buyhsk","1p_r3Buyhsk","Naruto ""Rainy day"" Hip hop remix","Aekasora","aKs"
"https://www.youtube.com/watch?v=b1uQ0HvasgU","b1uQ0HvasgU","緑","Jinsang.","aKs"
"https://www.youtube.com/watch?v=f0iozGNvWEI","f0iozGNvWEI","No Worries","Groovy Godzilla","aKs"
"https://www.youtube.com/watch?v=rqgQ_ydynCA","rqgQ_ydynCA","Motorbikes In Sapa","Kalaido","aKs"
"https://www.youtube.com/watch?v=0Z6XbKsPaHM","0Z6XbKsPaHM","懐かしい未来feat.POD","Matatabi","aKs"
"https://www.youtube.com/watch?v=PpCcaZa6JwQ","PpCcaZa6JwQ","Take You There","9Th Wonder","aKs"
"https://www.youtube.com/watch?v=ilQHOpxUllI","ilQHOpxUllI","QCM","루카스","aKs"
"https://www.youtube.com/watch?v=ekMB-0xN_1U","ekMB-0xN_1U","brasil","Jou Beats","aKs"
"https://www.youtube.com/watch?v=8_M6u6xj1Mc","8_M6u6xj1Mc","Zanpakto","Zanpakto","aKs"
"https://www.youtube.com/watch?v=gAAEt8V2pH0","gAAEt8V2pH0","Nokori","Danisogen & Raimu","aKs"
"https://www.youtube.com/watch?v=E4mBDvVRdOQ","E4mBDvVRdOQ","Asian Journey","Danisogen","aKs"
"https://www.youtube.com/watch?v=u4J8XN1bizg","u4J8XN1bizg","Down the Kuma ","Danisogen","aKs"
"https://www.youtube.com/watch?v=adNvccTBag4","adNvccTBag4","Anata No Yami ","Danisogen","aKs"
"https://www.youtube.com/watch?v=3ONT1Taa9OE","3ONT1Taa9OE","Voices of the Forest","Danisogen","aKs"
"https://www.youtube.com/watch?v=XLl9TZCqHoo","XLl9TZCqHoo","rays of light on the park bench","Kainbeats","aKs"
"https://www.youtube.com/watch?v=6Ytc2nhkqH8","6Ytc2nhkqH8","Rising Sun","Naga X Greenface","aKs"
"https://www.youtube.com/watch?v=oPwdPTBABiQ","oPwdPTBABiQ","The Prophecy ","Tenno","aKs"
"https://www.youtube.com/watch?v=KfyP3CMxFhI","KfyP3CMxFhI","The Seeker ","Tenno","aKs"
"https://www.youtube.com/watch?v=6LVxjWcdW60","6LVxjWcdW60","Prelude 2.","Elijah Nang","aKs"
"https://www.youtube.com/watch?v=FbQin-q2NNI","FbQin-q2NNI","Flowers that bloom then wither","Elijah Nang イライジャ","aKs"
"https://www.youtube.com/watch?v=zWJTkM5fKbI","zWJTkM5fKbI","THE RINNEGAN","Web_Ink","aKs"
"https://www.youtube.com/watch?v=-AjzsQ2xCV8","-AjzsQ2xCV8","NKOHA – 永遠の","Nkoha – 永遠の","aKs"
"https://www.youtube.com/watch?v=YVJSEGPuKjw","YVJSEGPuKjw","endure pain","Samashi","aKs"
"https://www.youtube.com/watch?v=-H4Bo8u-uOk","-H4Bo8u-uOk","journey ","Tenno","aKs"
"https://www.youtube.com/watch?v=jS1RnWMCDtk","jS1RnWMCDtk","OBITO","Desanctus","aKs"
"https://www.youtube.com/watch?v=4O4_3NXG3nw","4O4_3NXG3nw","Inseparable","☯Rj.Dent☯","aKs"
"https://www.youtube.com/watch?v=73hl_8BjbF4","73hl_8BjbF4","Bamboo Forest","T^Bi","aKs"
"https://www.youtube.com/watch?v=KLk_o8eZpBs","KLk_o8eZpBs","Life & Death (w/ Ronincloud)","T^Bi","aKs"
"https://www.youtube.com/watch?v=bfHqiDArYQY","bfHqiDArYQY","Gardens Of Suzhou (w/ Ronincloud)","T^Bi","aKs"
"https://www.youtube.com/watch?v=9mP8kct-_BM","9mP8kct-_BM","lone wanderer ","Tenno","aKs"
"https://www.youtube.com/watch?v=H1BXlmctfVU","H1BXlmctfVU","Fragments | ","Fifteen! & Rekoj","aKs"
"https://www.youtube.com/watch?v=zyBTWQTcZCU","zyBTWQTcZCU","Ashitaka","Grenny","aKs"
"https://www.youtube.com/watch?v=OkT4qRp8Sg0","OkT4qRp8Sg0","Futari de Ikou","Lilac","aKs"
"https://www.youtube.com/watch?v=b0byXcouZfI","b0byXcouZfI","Japan's Dream","Eugenio Izzi🚬","aKs"
"https://www.youtube.com/watch?v=siyTjvDwb-Q","siyTjvDwb-Q","sanctuary ","Tenno","aKs"
"https://www.youtube.com/watch?v=wwzZbzbzTpI","wwzZbzbzTpI","Images Stuck In Your Head","Naga X Wys","aKs"
"https://www.youtube.com/watch?v=WwqOcoXaZmw","WwqOcoXaZmw","Glances","Fırat Durak","aKs"
"https://www.youtube.com/watch?v=GYIcP9sqsn0","GYIcP9sqsn0","Arisa","Danisogen","aKs"
"https://www.youtube.com/watch?v=2l5MN3RfMw0","2l5MN3RfMw0","Entering The Golden Gai","Raimu & Vindu","aKs"
"https://www.youtube.com/watch?v=L_DfaK5bj_4","L_DfaK5bj_4","Spring","Zad.","aKs"
"https://www.youtube.com/watch?v=Qk77Vbur-KI","Qk77Vbur-KI","hidden shrine ","Tenno & Raimu","aKs"
"https://www.youtube.com/watch?v=UpR0h89eitU","UpR0h89eitU","thank you {mean the world}","Charlie Myles","gDs"
"https://www.youtube.com/watch?v=bEMgGvQhx70","bEMgGvQhx70","What Love Is, I Think","Rook1E","gDs"
"https://www.youtube.com/watch?v=WSA73o_t23U","WSA73o_t23U","Breath Of Fresh Air","Jay-Lounge","gDs"
"https://www.youtube.com/watch?v=0tPRHqGPL8I","0tPRHqGPL8I","until dawn","Slipfunc","gDs"
"https://www.youtube.com/watch?v=SbGQGZ8Lk0g","SbGQGZ8Lk0g","Memories","Tenno","gDs"
"https://www.youtube.com/watch?v=9iwjnN0Xqq0","9iwjnN0Xqq0","romance","Android 52","gDs"
"https://www.youtube.com/watch?v=vRiAVjD5z1k","vRiAVjD5z1k","salty (prodprodbynxck)","Trevor Daniel","gDs"
"https://www.youtube.com/watch?v=WAYk_ZAlD4U","WAYk_ZAlD4U","breathe slow","Meltycanon X Rook1E","gDs"
"https://www.youtube.com/watch?v=MvJc15I9wlo","MvJc15I9wlo","Ikanaide (いかないで)","Kano (鹿乃)","gDs"
"https://www.youtube.com/watch?v=V5lGUeo7Rxs","V5lGUeo7Rxs","oh darling","Kudasai","gDs"
"https://www.youtube.com/watch?v=fVb7EmHWpMg","fVb7EmHWpMg","Childhood.","Childhood.","gDs"
"https://www.youtube.com/watch?v=wZGAGsdl3n0","wZGAGsdl3n0","First Date","Frad","gDs"
"https://www.youtube.com/watch?v=HhfOyTRWRvU","HhfOyTRWRvU","Take Me Out","Jay-Lounge","gDs"
"https://www.youtube.com/watch?v=e7ySX5bPCpU","e7ySX5bPCpU","i'm nothing at all","Iestn","gDs"
"https://www.youtube.com/watch?v=H-CniX3ybIc","H-CniX3ybIc","Subwoofer Lullaby","Subwoofer Lullaby | Advait Remix","gDs"
"https://www.youtube.com/watch?v=Onx7NL_a8_I","Onx7NL_a8_I","You've Got Me","Yung Bae","gDs"
"https://www.youtube.com/watch?v=bkR2ZfJ2OpM","bkR2ZfJ2OpM","mold (prodHayku)","Ivri","gDs"
"https://www.youtube.com/watch?v=Ql_dEdMEjl4","Ql_dEdMEjl4","in love with a ghost","In Love With A Ghost | Flowers FeatNori","gDs"
"https://www.youtube.com/watch?v=Gzr8Bql_l0A","Gzr8Bql_l0A","love galore","Asokah","gDs"
"https://www.youtube.com/watch?v=x7O56DOOFTk","x7O56DOOFTk","log off","Beatboxbandit","gDs"
"https://www.youtube.com/watch?v=HMIbIYPnRkM","HMIbIYPnRkM","verão","Cjbeats X Emerld","gDs"
"https://www.youtube.com/watch?v=zMC48NTBKMw","zMC48NTBKMw","Stories From Back When","Kobishi","gDs"
"https://www.youtube.com/watch?v=csAPG1YgXWM","csAPG1YgXWM","overtime","Brockbeats","gDs"
"https://www.youtube.com/watch?v=9-UtJqfGrwk","9-UtJqfGrwk","love comes, love goes","Iam6Teen","gDs"
"https://www.youtube.com/watch?v=nssA3UDFCnc","nssA3UDFCnc","what if?","Akyulic","gDs"
"https://www.youtube.com/watch?v=shljxa0b-Mg","shljxa0b-Mg","Nearby","Cold Youth","gDs"
"https://www.youtube.com/watch?v=dryTZ-WcU-w","dryTZ-WcU-w","space potatoes","Moo","gDs"
"https://www.youtube.com/watch?v=capJCEUJ7P0","capJCEUJ7P0","New Shoes","Blue Wednesday","gDs"
"https://www.youtube.com/watch?v=pDf_xg1BdX8","pDf_xg1BdX8","bullet train fantasy (w/ luvbird)","Ibrahim","gDs"
"https://www.youtube.com/watch?v=IxmM9OlO5Ow","IxmM9OlO5Ow","Bubble Wrap","Wave Racer","gDs"
"https://www.youtube.com/watch?v=e6m0NEkRc9M","e6m0NEkRc9M","Bloom","Purrple Cat","gDs"
"https://www.youtube.com/watch?v=V3FvgGmT9Fs","V3FvgGmT9Fs","Daydreaming (featBert)","Cammie","gDs"
"https://www.youtube.com/watch?v=-cDa-uWnwiY","-cDa-uWnwiY","lovely","Haru Pandi","gDs"
"https://www.youtube.com/watch?v=clO92DmKl4w","clO92DmKl4w","Street Lights","Stephen Onprachanh","gDs"
"https://www.youtube.com/watch?v=MVSky2BRvVc","MVSky2BRvVc","wanderlust","Haru Pandi","gDs"
"https://www.youtube.com/watch?v=h_q0qMcPC24","h_q0qMcPC24","nightscapes // out now","Hevi & Refeeld","gDs"
"https://www.youtube.com/watch?v=mNUpUdbVU74","mNUpUdbVU74","After The Rain","Jordy Chandra & Frad","gDs"
"https://www.youtube.com/watch?v=NI5RPjEkXRE","NI5RPjEkXRE","Home School","Thomas Stratt","gDs"
"https://www.youtube.com/watch?v=SKBKR4QFY0Y","SKBKR4QFY0Y","Evening Call","Jordy Chandra","gDs"
"https://www.youtube.com/watch?v=4lWCrhwZMrQ","4lWCrhwZMrQ","remember who you were before social media","Furino","gDs"
"https://www.youtube.com/watch?v=iQSh4SmDEqo","iQSh4SmDEqo","Ball of Yarn","Purrple Cat","gDs"
"https://www.youtube.com/watch?v=jkStB0ofHyw","jkStB0ofHyw","Lonely Submarine","C4C","gDs"
"https://www.youtube.com/watch?v=GNN9jae4x8M","GNN9jae4x8M","casiio & sebastian kamae | shooting stars","Casiio & Sebastian Kamae | Shooting Stars","gDs"
"https://www.youtube.com/watch?v=u8OQ1cXbREI","u8OQ1cXbREI","Raw Souls (w/mell-ø)","Tabal","gDs"
"https://www.youtube.com/watch?v=sW_kaKh7kBs","sW_kaKh7kBs","it's ok","Pandrezz X J'San","gDs"
"https://www.youtube.com/watch?v=ffH0QVd26PY","ffH0QVd26PY","Northern Shores","Squareface","gDs"
"https://www.youtube.com/watch?v=K_VHqD7_lwI","K_VHqD7_lwI","dawn","Misc.Inc","gDs"
"https://www.youtube.com/watch?v=1zpp5llyHPI","1zpp5llyHPI","car radio","Flovry","gDs"
"https://www.youtube.com/watch?v=5bWJ2bFonVY","5bWJ2bFonVY","I miss you","Kokoro","gDs"
"https://www.youtube.com/watch?v=gG8rNYYdYfU","gG8rNYYdYfU","i dreamed of you","Kainbeats","gDs"
"https://www.youtube.com/watch?v=CveXh4Rm0is","CveXh4Rm0is","Bored Af","Wys","gDs"
"https://www.youtube.com/watch?v=mhRAVHHZy-8","mhRAVHHZy-8","Snowball","Aphrow","gDs"
"https://www.youtube.com/watch?v=hcHdUAxNarI","hcHdUAxNarI","can i have this dance?","Altou","gDs"
"https://www.youtube.com/watch?v=K9MfO1nhHJo","K9MfO1nhHJo","Leave The City 🏙","Ageturner","gDs"
"https://www.youtube.com/watch?v=EhF3tYm-IVE","EhF3tYm-IVE","Swan Mother","Homie Cat","gDs"
"https://www.youtube.com/watch?v=pt5Ct9Ezt2Q","pt5Ct9Ezt2Q","can we walk to my house?","Satin.","gDs"
"https://www.youtube.com/watch?v=OF11AgfiO_w","OF11AgfiO_w","嵐山","Ageturner","gDs"
"https://www.youtube.com/watch?v=z08VBMaywUg","z08VBMaywUg","Homie Cat / Pure Heart","Homie Cat / Pure Heart","gDs"
"https://www.youtube.com/watch?v=kE1EJ-Wpc8Q","kE1EJ-Wpc8Q","Our First Date","Grenn","gDs"
"https://www.youtube.com/watch?v=6cMYiMkQTQg","6cMYiMkQTQg","Birds n Stones","I.N.Kognito","gDs"
"https://www.youtube.com/watch?v=PkINMmU1cJI","PkINMmU1cJI","In the Garden of Your Heart","In The Garden Of Your Heart","gDs"
"https://www.youtube.com/watch?v=WnkwD0QY128","WnkwD0QY128","Cutie Puppy HQ","Homie Cat","gDs"
"https://www.youtube.com/watch?v=bZ8nNwZ-E2c","bZ8nNwZ-E2c","Nemuru (Think Twice)","Su-Zuum","gDs"
"https://www.youtube.com/watch?v=cLV_ZR5DdpM","cLV_ZR5DdpM","nov2 w ayeon","Lofty","gDs"
"https://www.youtube.com/watch?v=zLc6831ByDI","zLc6831ByDI","Madakana...?","Su-Zuum","gDs"
"https://www.youtube.com/watch?v=LY6RW1JE0nc","LY6RW1JE0nc","under cherry blossom trees","Neeks","gDs"
"https://www.youtube.com/watch?v=agIayif-oi0","agIayif-oi0","Endurance","Oddling & 憂鬱","gDs"
"https://www.youtube.com/watch?v=1EQc4dfS2qA","1EQc4dfS2qA","Alone","Jay-Lounge","slP"
"https://www.youtube.com/watch?v=BOXoB-D1GTk","BOXoB-D1GTk","soulful eyes","Hoogway","slP"
"https://www.youtube.com/watch?v=nev9EJbx5VA","nev9EJbx5VA","h e a v e n","Dontaskalex","slP"
"https://www.youtube.com/watch?v=XHxeSoSVpw4","XHxeSoSVpw4","Camping","Two Sleepy","slP"
"https://www.youtube.com/watch?v=YuRt471Ttxw","YuRt471Ttxw","hey let's get some coffee","Iam6Teen","slP"
"https://www.youtube.com/watch?v=WaxFHxUu-Yg","WaxFHxUu-Yg","ferris wheel","Blackguyrandy","slP"
"https://www.youtube.com/watch?v=pvKfef8I8V4","pvKfef8I8V4","R O O F T O P","Smitty Mamba","slP"
"https://www.youtube.com/watch?v=yzoshPR6wCQ","yzoshPR6wCQ","Leaves","Taiko","slP"
"https://www.youtube.com/watch?v=w6gABWywpj4","w6gABWywpj4","under the same sky","Nilöwh","slP"
"https://www.youtube.com/watch?v=WSA73o_t23U","WSA73o_t23U","Breath Of Fresh Air","Jay-Lounge","slP"
"https://www.youtube.com/watch?v=zQUmcib4h8M","zQUmcib4h8M","Tranquility","Tony Stocker","slP"
"https://www.youtube.com/watch?v=pzhVBsR-mLA","pzhVBsR-mLA","Dancing","Mellow Fellow","slP"
"https://www.youtube.com/watch?v=NiGQz67fpxU","NiGQz67fpxU","beachside","E66S 卵","slP"
"https://www.youtube.com/watch?v=9yct037aj04","9yct037aj04","Throughout","Rainlord.","slP"
"https://www.youtube.com/watch?v=ClJj6mBwDAU","ClJj6mBwDAU","l o s t // f o u n d.","Altitude.","slP"
"https://www.youtube.com/watch?v=9HOKnM_Tyuo","9HOKnM_Tyuo","sweet nothing","Slipfunc","slP"
"https://www.youtube.com/watch?v=_qcw285f6V8","_qcw285f6V8","salah","Baku","slP"
"https://www.youtube.com/watch?v=l9tFfb6BcLw","l9tFfb6BcLw","all you can eat","Cadmio","slP"
"https://www.youtube.com/watch?v=WAYk_ZAlD4U","WAYk_ZAlD4U","breathe slow","Meltycanon X Rook1E","slP"
"https://www.youtube.com/watch?v=RJVUiR5afmI","RJVUiR5afmI","lotus","Lofi.Samurai","slP"
"https://www.youtube.com/watch?v=a1iFCEwoD8o","a1iFCEwoD8o","Séduction","René Aubry","slP"
"https://www.youtube.com/watch?v=K1zRSrm0Yrs","K1zRSrm0Yrs","until her whispers fade.","Essence","slP"
"https://www.youtube.com/watch?v=pR7tapnT1iM","pR7tapnT1iM","lemon tea","S-Ilo","slP"
"https://www.youtube.com/watch?v=7tBi437ixi8","7tBi437ixi8","keep me warm (ft hazy nights)","Striveau","slP"
"https://www.youtube.com/watch?v=B054vK6Flm4","B054vK6Flm4","ein","Enluv","slP"
"https://www.youtube.com/watch?v=FtYtUuMcYCo","FtYtUuMcYCo","Spring Wind","Dominant","slP"
"https://www.youtube.com/watch?v=U9chzfJX3Mc","U9chzfJX3Mc","Way Back Home","Way Back Home","slP"
"https://www.youtube.com/watch?v=r2Br7D2laI8","r2Br7D2laI8","Meraki","Hoaks Collective","slP"
"https://www.youtube.com/watch?v=6AquX3XJCi8","6AquX3XJCi8","you are always on my mind.","You Are Always On My Mind.","slP"
"https://www.youtube.com/watch?v=pyl8Rdg7oCY","pyl8Rdg7oCY","confession","Toveii","slP"
"https://www.youtube.com/watch?v=wZGAGsdl3n0","wZGAGsdl3n0","First Date","Frad","slP"
"https://www.youtube.com/watch?v=ptSbiEgy9Ng","ptSbiEgy9Ng","Grey","Ronincloud","slP"
"https://www.youtube.com/watch?v=ehfzNB-ClHg","ehfzNB-ClHg","Always Need You","Hevi","slP"
"https://www.youtube.com/watch?v=bg8vhyw1YtY","bg8vhyw1YtY","Trevor Ransom","Forging","slP"
"https://www.youtube.com/watch?v=WMLwvwC66_M","WMLwvwC66_M","without u","Luvbird","slP"
"https://www.youtube.com/watch?v=uoA8VWtHUK8","uoA8VWtHUK8","attached","Kudasai","slP"
"https://www.youtube.com/watch?v=HhfOyTRWRvU","HhfOyTRWRvU","Take Me Out","Jay-Lounge","slP"
"https://www.youtube.com/watch?v=TR19BtapJjs","TR19BtapJjs","without you, what to do","Nord.","slP"
"https://www.youtube.com/watch?v=ksmFBw0x9bM","ksmFBw0x9bM","please don't try to protect me","Please Don'T Try To Protect Me","slP"
"https://www.youtube.com/watch?v=Pu_NuE60W5E","Pu_NuE60W5E","starving","Alicks","slP"
"https://www.youtube.com/watch?v=r9ssRb_tOF0","r9ssRb_tOF0","Letting go","Bøjet","slP"
"https://www.youtube.com/watch?v=mf6Cv2m1N1Y","mf6Cv2m1N1Y","unlimited","Jordan Maxwell","slP"
"https://www.youtube.com/watch?v=zw47ymC0RNQ","zw47ymC0RNQ","in your arms.","Saib.","slP"
"https://www.youtube.com/watch?v=BIIja7qPPI4","BIIja7qPPI4","smile from u.","Jinsang","slP"
"https://www.youtube.com/watch?v=NKjof3UM_M8","NKjof3UM_M8","Snowflakes","Jay-Lounge","slP"
"https://www.youtube.com/watch?v=1IDVhH1oR_g","1IDVhH1oR_g","I've already told you","Pikom","slP"
"https://www.youtube.com/watch?v=Rm1SfQlpWFY","Rm1SfQlpWFY","Last Caress","Chopef","slP"
"https://www.youtube.com/watch?v=jzCKACFf398","jzCKACFf398","stumble","Sapientdream","slP"
"https://www.youtube.com/watch?v=paJ8a0HEYY4","paJ8a0HEYY4","glitter","Iam6Teen","slP"
"https://www.youtube.com/watch?v=olA_pt3n5tg","olA_pt3n5tg","do you remember ?","Wrongnumber","slP"
"https://www.youtube.com/watch?v=af9Ye6XoxOI","af9Ye6XoxOI","lost in translation","Kupla X Less.People","slP"
"https://www.youtube.com/watch?v=TCw0_tCrlhs","TCw0_tCrlhs","Single Phial","Hm Surf","slP"
"https://www.youtube.com/watch?v=sShGuayNfHA","sShGuayNfHA","Juniper","Chris Mazuera X Brillion.","slP"
"https://www.youtube.com/watch?v=eUohGWsQct0","eUohGWsQct0","Hazey Blue","Mondo Loops","slP"
"https://www.youtube.com/watch?v=Bksv9OEj1j8","Bksv9OEj1j8","North Pole","Wys","slP"
"https://www.youtube.com/watch?v=znoDU5_5Xqk","znoDU5_5Xqk","Long Distance (w/ Otaam)","Tabal","slP"
"https://www.youtube.com/watch?v=pIOZVb97dSk","pIOZVb97dSk","Ages Ago","Flovry X Tender Spring","slP"
"https://www.youtube.com/watch?v=BJK0WSzf8nA","BJK0WSzf8nA","Verdant w/ chromonicci.","Goosetaf","slP"
"https://www.youtube.com/watch?v=WwWe4-85SWM","WwWe4-85SWM","rain outside my window","Brillion.","slP"
"https://www.youtube.com/watch?v=tPTSwrb6FFI","tPTSwrb6FFI","just hearing your voice","Bvg","slP"
"https://www.youtube.com/watch?v=luORLvUHgwA","luORLvUHgwA","Morning Dreams","Mondo Loops","slP"
"https://www.youtube.com/watch?v=2LFtX1HgIoQ","2LFtX1HgIoQ","sweet dreams","Spencer Hunt","slP"
"https://www.youtube.com/watch?v=6OHlh9omoXk","6OHlh9omoXk","Distance","Jordy Chandra","slP"
"https://www.youtube.com/watch?v=E2GfJTFWreE","E2GfJTFWreE","you'll be okay, I promise","Spencer Hunt","slP"
"https://www.youtube.com/watch?v=O60-6JxKLHQ","O60-6JxKLHQ","Wavin' (w/TABAL)","Dlj","slP"
"https://www.youtube.com/watch?v=E-8LvsbhqK8","E-8LvsbhqK8","close my eyes","Wys","slP"
"https://www.youtube.com/watch?v=37OsNZlF3Xk","37OsNZlF3Xk","mañana","Mell-Ø","slP"
"https://www.youtube.com/watch?v=nSHs3241p7E","nSHs3241p7E","Building a Tower","Ayeon","slP"
"https://www.youtube.com/watch?v=UxMlQhVju1U","UxMlQhVju1U","god would be missing me","Psalm Trees","slP"
"https://www.youtube.com/watch?v=I7PIXsHLvx8","I7PIXsHLvx8","Where are you","A[Way]","slP"
"https://www.youtube.com/watch?v=uX3W4KDKg0U","uX3W4KDKg0U","lonely","Chiccote'S","slP"
"https://www.youtube.com/watch?v=uYXyRwK_Bv0","uYXyRwK_Bv0","Stargazing w/ mell-ø","Ambulo","slP"
"https://www.youtube.com/watch?v=Tc5mJipFaTo","Tc5mJipFaTo","Deep Sleep (w/ TABAL)","Dlj","slP"
"https://www.youtube.com/watch?v=aO4Hz5i-3dQ","aO4Hz5i-3dQ","powder","Saiko","slP"
"https://www.youtube.com/watch?v=-jROLLTyyGA","-jROLLTyyGA","Slipher","Bluntone X Csnts","slP"
"https://www.youtube.com/watch?v=aLmRdJ_i128","aLmRdJ_i128","when you left","Miscél","slP"
"https://www.youtube.com/watch?v=z33Pwm5PESw","z33Pwm5PESw","Sendoff","Kupla X Philanthrope","slP"
"https://www.youtube.com/watch?v=_xDM0kqV2oE","_xDM0kqV2oE","A Letter In Summer","Kasper Lindmark","slP"
"https://www.youtube.com/watch?v=EuvU4YmEkV0","EuvU4YmEkV0","Infinite Memories","Tony Thriller","slP"
"https://www.youtube.com/watch?v=MUBiDdfvNBY","MUBiDdfvNBY","Trauerfall w// tzelun","E I S U","slP"
"https://www.youtube.com/watch?v=mvtEp_qC314","mvtEp_qC314","Faces","Acxle","slP"
"https://www.youtube.com/watch?v=ntqql44-zKg","ntqql44-zKg","With U","Swum X Idealism","slP"
"https://www.youtube.com/watch?v=GiboOjQCj50","GiboOjQCj50","embrace it","Mell-Ø","slP"
"https://www.youtube.com/watch?v=SdST79qi_28","SdST79qi_28","iridscnt","Ocha","slP"
"https://www.youtube.com/watch?v=tXzXRhoc1qM","tXzXRhoc1qM","Journey to the West","Elijah Nang","slP"
"https://www.youtube.com/watch?v=QCvi-tBaEfA","QCvi-tBaEfA","midnight","Kudasai","slP"
"https://www.youtube.com/watch?v=JSxGFeIRUe0","JSxGFeIRUe0","Foggy Nights w/ Kupla","Goosetaf","slP"
"https://www.youtube.com/watch?v=ctQPdasg9v0","ctQPdasg9v0","Always Miss You","Kupla","slP"
"https://www.youtube.com/watch?v=27jMR7Ldfb4","27jMR7Ldfb4","boardwalk x fujitsu","Joeshort","slP"
"https://www.youtube.com/watch?v=IGNwBFUeNXk","IGNwBFUeNXk","explore","Steezy Prime","slP"
"https://www.youtube.com/watch?v=7HXBR6BNKcM","7HXBR6BNKcM","i still dont know who i am","Barnes Blvd","slP"
"https://www.youtube.com/watch?v=P8z5NbLs_OA","P8z5NbLs_OA","Alone in the World","Kupla","slP"
"https://www.youtube.com/watch?v=h5cZNHdbKE4","h5cZNHdbKE4","Letting Go","H E R B X Kendall Miles","slP"
"https://www.youtube.com/watch?v=rtNKQHB1O9A","rtNKQHB1O9A","One Summer","Ghosting","slP"
"https://www.youtube.com/watch?v=5Ao_wZgvuJc","5Ao_wZgvuJc","e l u s i v e","Dontaskalex","slP"
"https://www.youtube.com/watch?v=x7O56DOOFTk","x7O56DOOFTk","log off","Beatboxbandit","slP"
"https://www.youtube.com/watch?v=eSjtsrTGpPw","eSjtsrTGpPw","ssayit","Ssss","slP"
"https://www.youtube.com/watch?v=9nyxw_kfhk4","9nyxw_kfhk4","murky","Brockbeats","slP"
"https://www.youtube.com/watch?v=ODXC-MNL5gE","ODXC-MNL5gE","file 13","Marquinch Mogule","slP"
"https://www.youtube.com/watch?v=WNR_xrXJpWo","WNR_xrXJpWo","school rooftop","Hisohkah","slP"
"https://www.youtube.com/watch?v=rCNlgfz2Qrk","rCNlgfz2Qrk","summer in 2045","Matatabi","slP"
"https://www.youtube.com/watch?v=rSE0oAUaG80","rSE0oAUaG80","Moonlight","Spencer Hunt","slP"
"https://www.youtube.com/watch?v=4ZSopeSmglc","4ZSopeSmglc","Slopes","Philanthrope X Yasper","slP"
"https://www.youtube.com/watch?v=dEBppGzNzgg","dEBppGzNzgg","Maki","Dontcry X Glimlip","slP"
"https://www.youtube.com/watch?v=8HvGjSgSmkc","8HvGjSgSmkc","Bookshelves","Sleepy Fish","slP"
"https://www.youtube.com/watch?v=o-GNWSa6gtA","o-GNWSa6gtA","Anywhere But Here ftPhilanthrope","Dotlights","slP"
"https://www.youtube.com/watch?v=InubyuYSB6Q","InubyuYSB6Q","Blurry","Blurry","slP"
"https://www.youtube.com/watch?v=t1irj-0cNu4","t1irj-0cNu4","butterfly (lofi music)","Sleepy Fish","slP"
"https://www.youtube.com/watch?v=wDj-Yofg3Z8","wDj-Yofg3Z8","Moongate Season","Floz.","slP"
"https://www.youtube.com/watch?v=2eR9WvQtvaw","2eR9WvQtvaw","i dont love you","Iam6Teen","slP"
"https://www.youtube.com/watch?v=Y75H_tTlAy4","Y75H_tTlAy4","rainy days","Veh_Mix","slP"
"https://www.youtube.com/watch?v=jgqULgOeCd0","jgqULgOeCd0","frozen memories","𝙴𝚎𝚢𝚘𝚛𝚎","slP"
"https://www.youtube.com/watch?v=D2I_N3BZqR8","D2I_N3BZqR8","picture perfect","Iam6Teen","slP"
"https://www.youtube.com/watch?v=6RxSkswoLf8","6RxSkswoLf8","Lets Talk In Your Backyard","Frrb","slP"
"https://www.youtube.com/watch?v=xNPzfMwyTmA","xNPzfMwyTmA","Home Alone","Meeko","slP"
"https://www.youtube.com/watch?v=1HlcTIBgaPg","1HlcTIBgaPg","pastel witches.","Ronincloud","slP"
"https://www.youtube.com/watch?v=FdOtVb2c66I","FdOtVb2c66I","Train of Thought","Cadmio","slP"
"https://www.youtube.com/watch?v=eDPe8JdQqGk","eDPe8JdQqGk","fragile","Nekoi ✨","slP"
"https://www.youtube.com/watch?v=aa16hQpIoh4","aa16hQpIoh4","A Moment to Remember","Nom","slP"
"https://www.youtube.com/watch?v=_2jvyKkP9iQ","_2jvyKkP9iQ","Whoa!","Flavour Fluffy","slP"
"https://www.youtube.com/watch?v=VDxgPiO3Myc","VDxgPiO3Myc","17:46","Solitude 2:14Am","slP"
"https://www.youtube.com/watch?v=AGS7NobOrmU","AGS7NobOrmU","Maxell","Mund","slP"
"https://www.youtube.com/watch?v=B3zZgCSX-ho","B3zZgCSX-ho","Halfway Home","Jav Cast","slP"
"https://www.youtube.com/watch?v=XXJKeQ2JTz8","XXJKeQ2JTz8","Greed I$land","Jonkyoto","slP"
"https://www.youtube.com/watch?v=R-08C0msuvU","R-08C0msuvU","Sunset","Yotoshi","slP"
"https://www.youtube.com/watch?v=RLTP89eiIOc","RLTP89eiIOc","sweet dreams.","Spencer Hunt","slP"
"https://www.youtube.com/watch?v=64gYDt1F7_0","64gYDt1F7_0","Pictures of Purple Skies","Memorex Memories","jHs"
"https://www.youtube.com/watch?v=yP7dvyK5OiY","yP7dvyK5OiY","Aurora","Oddling","jHs"
"https://www.youtube.com/watch?v=zsLT3JqfTn0","zsLT3JqfTn0","Supernal","Forhill & Oddling","jHs"
"https://www.youtube.com/watch?v=qCIVR8DPnuw","qCIVR8DPnuw","Sway (Photon Remix)","Freq18Hz","jHs"
"https://www.youtube.com/watch?v=vQ8R713yTMw","vQ8R713yTMw","Arrival (Barca 18)","Memorex Memories","jHs"
"https://www.youtube.com/watch?v=GuwA61rae8Q","GuwA61rae8Q","Essence","Crystldawn","jHs"
"https://www.youtube.com/watch?v=R5GNxJz1BUA","R5GNxJz1BUA","Pink Cloud Days","A.L.I.S.O.N","jHs"
"https://www.youtube.com/watch?v=JjpewbUfHxI","JjpewbUfHxI","Farout (Vinyl Pre-order)","Emil Rottmayer","jHs"
"https://www.youtube.com/watch?v=r7misKhy2DM","r7misKhy2DM","Blank (Introspektro Remix)","Foewi","jHs"
"https://www.youtube.com/watch?v=K3_UL9_goa0","K3_UL9_goa0","Rumors","System96","jHs"
"https://www.youtube.com/watch?v=k4j_RHEP0IY","k4j_RHEP0IY","Frontier","Eagle Eyed Tiger","jHs"
"https://www.youtube.com/watch?v=xO7zhlCW3vY","xO7zhlCW3vY","Blue Loop","Stiig","jHs"
"https://www.youtube.com/watch?v=vn3co5Uk55M","vn3co5Uk55M","Soaring","Euan Ellis","jHs"
"https://www.youtube.com/watch?v=N6mmAbfcHbc","N6mmAbfcHbc","Waves","Gemini Drive","jHs"
"https://www.youtube.com/watch?v=MLUOZ6ykJlE","MLUOZ6ykJlE","Bloom","Hotel Pools","jHs"
"https://www.youtube.com/watch?v=CmLfbUMKvTQ","CmLfbUMKvTQ","Flicker","Forhill","jHs"
"https://www.youtube.com/watch?v=FoFqBB0r9OI","FoFqBB0r9OI","Chamomile Tea","Admo","jHs"
"https://www.youtube.com/watch?v=cQIhVPQlBNg","cQIhVPQlBNg","Absences","Lüne","jHs"
"https://www.youtube.com/watch?v=i1Ut-Ma7oQ0","i1Ut-Ma7oQ0","Zero","Foewi","jHs"
"https://www.youtube.com/watch?v=CSDhht0_ljs","CSDhht0_ljs","Summer Glow","Unfound","jHs"
"https://www.youtube.com/watch?v=TVdvgQySPIw","TVdvgQySPIw","T I L T","De Lorra","jHs"
"https://www.youtube.com/watch?v=rlDLOtKQnmI","rlDLOtKQnmI","Ambervision","Memorex Memories & Hotel Pools","jHs"
"https://www.youtube.com/watch?v=l2NMbwFMYzY","l2NMbwFMYzY","Subtract","A.L.I.S.O.N","jHs"
"https://www.youtube.com/watch?v=vJY7MNDZn-w","vJY7MNDZn-w","Hover","Hotel Pools","jHs"
"https://www.youtube.com/watch?v=kPnpYkYM_RU","kPnpYkYM_RU","Petit Nuage","Lüne","jHs"
"https://www.youtube.com/watch?v=1DCMNpOLmQM","1DCMNpOLmQM","Refractions","Forhill","jHs"
"https://www.youtube.com/watch?v=l6UQ1p-Debk","l6UQ1p-Debk","Pictures Of Purple Skies","Memorex Memories","jHs"
"https://www.youtube.com/watch?v=CUHYQ-FN3P8","CUHYQ-FN3P8","3am","Zane Alexander","jHs"
"https://www.youtube.com/watch?v=qNqu7wWyu5k","qNqu7wWyu5k","Magic","Kattch","jHs"
"https://www.youtube.com/watch?v=GB9kBLre96M","GB9kBLre96M","Hyper","Voyage","jHs"
"https://www.youtube.com/watch?v=0jCsalhgxx4","0jCsalhgxx4","Rise","Pyxisoul","jHs"
"https://www.youtube.com/watch?v=FKiF2ZA7OA0","FKiF2ZA7OA0","In Motion","Memorex Memories","jHs"
"https://www.youtube.com/watch?v=jsvbGr_S0PI","jsvbGr_S0PI","On The Edge","Unfound","jHs"
"https://www.youtube.com/watch?v=MXnUdW3FYOU","MXnUdW3FYOU","ＬＥＡＶＥＲＳ","Ｍｒ Ｆｌｅｔｃｈ","jHs"
"https://www.youtube.com/watch?v=Ffx7gY1_BXw","Ffx7gY1_BXw","Slight Days","Krosia","jHs"
"https://www.youtube.com/watch?v=cxm9E8jjnH0","cxm9E8jjnH0","Remain","Hotel Pools & Oddling","jHs"
"https://www.youtube.com/watch?v=D-jhJfHkS9w","D-jhJfHkS9w","Watching Gameshows","Memorex Memories","jHs"
"https://www.youtube.com/watch?v=CmT2dgjZ6bk","CmT2dgjZ6bk","Sedna","Saint Seduce & Winston","jHs"
"https://www.youtube.com/watch?v=hII7waQnekc","hII7waQnekc","Recalling","Flávio La Barre & Kattch","jHs"
"https://www.youtube.com/watch?v=slOQxmqwHqo","slOQxmqwHqo","Spring","Hotel Pools","jHs"
"https://www.youtube.com/watch?v=Y15Pkxk99h0","Y15Pkxk99h0","Elements","Jasper De Ceuster","jHs"
"https://www.youtube.com/watch?v=7-ahy50pn_w","7-ahy50pn_w","Resonance 2","Home","jHs"
"https://www.youtube.com/watch?v=-1AzoNEj50A","-1AzoNEj50A","Motif","A.L.I.S.O.N","jHs"
"https://www.youtube.com/watch?v=Wiq2xacaHE8","Wiq2xacaHE8","Wander Through Me","Forhill","jHs"
"https://www.youtube.com/watch?v=po-od2_Herk","po-od2_Herk","Polygon","Admo","jHs"
"https://www.youtube.com/watch?v=rdNQzGVewcc","rdNQzGVewcc","Still Phasing","De Lorra","jHs"
"https://www.youtube.com/watch?v=oaw595D641s","oaw595D641s","Destinations","Forhill","jHs"
"https://www.youtube.com/watch?v=WtF6Z13HD_w","WtF6Z13HD_w","Pylon","憂鬱 & Dreamstation1986","jHs"
"https://www.youtube.com/watch?v=--ZtUFsIgMk","--ZtUFsIgMk","MÖÖN","Lüne","jHs"
"https://www.youtube.com/watch?v=RGif0DRxqf0","RGif0DRxqf0","Melt","Hotel Pools","jHs"
"https://www.youtube.com/watch?v=az8MZ_0wlaQ","az8MZ_0wlaQ","I Forgot About The Stars","Memorex Memories","jHs"
"https://www.youtube.com/watch?v=2FzFxTGAMPY","2FzFxTGAMPY","Square One","Kattch","jHs"
"https://www.youtube.com/watch?v=UBIsi3xWa64","UBIsi3xWa64","Heaven","Unfound","jHs"
"https://www.youtube.com/watch?v=8qZ7dW7uXEo","8qZ7dW7uXEo","Atlantic Drift","Admo","jHs"
"https://www.youtube.com/watch?v=a9yAe6oCjiE","a9yAe6oCjiE","Oscura","Richard Alfaro","jHs"
"https://www.youtube.com/watch?v=WxXVpiRUBXE","WxXVpiRUBXE","Euphoria","Youth 83","jHs"
"https://www.youtube.com/watch?v=KbC46oJmLh4","KbC46oJmLh4","A Way Home","Memorex Memories","jHs"
"https://www.youtube.com/watch?v=9J8cD8-LHy4","9J8cD8-LHy4","Gamma Rays","Unfound","jHs"
"https://www.youtube.com/watch?v=YRvywIPu2n0","YRvywIPu2n0","Magnetic","Eagle Eyed Tiger","jHs"
"https://www.youtube.com/watch?v=oKH0_NI-4jU","oKH0_NI-4jU","Expanse","Forhill","jHs"
"https://www.youtube.com/watch?v=XVGlBHty7bs","XVGlBHty7bs","Starchild","Maworld & Dreamstation1986","jHs"
"https://www.youtube.com/watch?v=9mBeUtBH-ws","9mBeUtBH-ws","Journey To A Nearby Star","Andy Shand","jHs"
"https://www.youtube.com/watch?v=GWYkh1IX4PE","GWYkh1IX4PE","Home","Unfound","jHs"
"https://www.youtube.com/watch?v=8QPEYxU1W8M","8QPEYxU1W8M","Nightshade","Hotel Pools","jHs"
"https://www.youtube.com/watch?v=E_jV9krpBRY","E_jV9krpBRY","Nightfall","Capoblanco","jHs"
"https://www.youtube.com/watch?v=4n4QGtqaF0E","4n4QGtqaF0E","Traffic","Foewi","jHs"
"https://www.youtube.com/watch?v=9JVsjyxU3Eo","9JVsjyxU3Eo","3 A.M.","3 A.M.","jHs"
"https://www.youtube.com/watch?v=Lc4dmymMN4c","Lc4dmymMN4c","Sedna","Saint Seduce & Winston","jHs"
"https://www.youtube.com/watch?v=Aw7CssH0L8Y","Aw7CssH0L8Y","Existance Schematic","Com Truise","jHs"
"https://www.youtube.com/watch?v=5DupB1ehByw","5DupB1ehByw","Ultrafiche of You","Com Truise","jHs"
"https://www.youtube.com/watch?v=tF4TE4yMasg","tF4TE4yMasg","Jetty","Tycho","jHs"
"https://www.youtube.com/watch?v=UFr9StkVwTk","UFr9StkVwTk","Daydream","Tycho","jHs"
"https://www.youtube.com/watch?v=pOzSKBQUSdM","pOzSKBQUSdM","Sam Acaes","This Doesn'T Feel Like Colour","jHs"
"https://www.youtube.com/watch?v=au5Ap5qAWa8","au5Ap5qAWa8","Top Down","Eagle Eyed Tiger","jHs"
"https://www.youtube.com/watch?v=LIPgzpZqiqU","LIPgzpZqiqU","bupropion","Aftertheparty","jHs"
"https://www.youtube.com/watch?v=uIk_jGypR24","uIk_jGypR24","Destination Miami","Gemini Drive","jHs"
"https://www.youtube.com/watch?v=Mr-wV17WFZU","Mr-wV17WFZU","Pacific","Hotel Pools","jHs"
"https://www.youtube.com/watch?v=8GW6sLrK40k","8GW6sLrK40k","Resonance","Home","jHs"
"https://www.youtube.com/watch?v=gMGEyl5TRa4","gMGEyl5TRa4","Slow","憂鬱","jHs"
"https://www.youtube.com/watch?v=rDBbaGCCIhk","rDBbaGCCIhk","Accelerated","Miami Nights 1984","jHs"
"https://www.youtube.com/watch?v=2jU4TpCZxBc","2jU4TpCZxBc","0:59","Danger","jHs"
"https://www.youtube.com/watch?v=_Ci0Kgdpgsw","_Ci0Kgdpgsw","On the Run","Timecop1983","jHs"
"https://www.youtube.com/watch?v=a8KWdC0nr5A","a8KWdC0nr5A","The Trip (8D Audio)","Still Corners","jHs"
"https://www.youtube.com/watch?v=e5ey_1lPYMY","e5ey_1lPYMY","Sweden (C418 synthwave/80s)","Sweden (C418 Synthwave/80S)","jHs"
"https://www.youtube.com/watch?v=q9GNowYjiBg","q9GNowYjiBg","Ｅｖｏｌｖａｗｅ","Ｅｖｏｌｖａｗｅ","jHs"
"https://www.youtube.com/watch?v=oxoqm05c7yA","oxoqm05c7yA","Sun","憂鬱","jHs"
"https://www.youtube.com/watch?v=2LQD1OOb-Us","2LQD1OOb-Us","Strange Impalas","Strange Impalas","jHs"
"https://www.youtube.com/watch?v=7VZVlQHQOhs","7VZVlQHQOhs","Elementary","Zane Alexander","jHs"
"https://www.youtube.com/watch?v=9Ty-qFZZPZk","9Ty-qFZZPZk","Hold","Home","jHs"
"https://www.youtube.com/watch?v=UDNvOwgkUoo","UDNvOwgkUoo","aerodynamics","Aebleo","jHs"
"https://www.youtube.com/watch?v=6WwsSQgpS-w","6WwsSQgpS-w","remember me","Sugiwa","jHs"
"https://www.youtube.com/watch?v=sG2yDNSSwaY","sG2yDNSSwaY","Before The Night","Home","jHs"
"https://www.youtube.com/watch?v=HbtwR1REaFk","HbtwR1REaFk","Illusory","Oddling","jHs"
"https://www.youtube.com/watch?v=loeGmoYr3s4","loeGmoYr3s4","Reunited","Frm","jHs"
"https://www.youtube.com/watch?v=NJsgQf0LwtM","NJsgQf0LwtM","Dusk","Home","jHs"
"https://www.youtube.com/watch?v=-tUJJXWXdXk","-tUJJXWXdXk","Melancholy Retrowave","Oddling","jHs"
"https://www.youtube.com/watch?v=f25eLpQTIQI","f25eLpQTIQI","Far Away","Home","jHs"
"https://www.youtube.com/watch?v=VnonyYc_a3s","VnonyYc_a3s","Simulated Stars","Oddling","jHs"
"https://www.youtube.com/watch?v=HAoUHZR3irA","HAoUHZR3irA","Flare","Jasper De Ceuster","jHs"
"https://www.youtube.com/watch?v=lZ1t3GQ023Y","lZ1t3GQ023Y","Searching","Forhill","jHs"
"https://www.youtube.com/watch?v=50vtviYfdKA","50vtviYfdKA","Retro Vintage Synthesizer","Jhas","jHs"
"https://www.youtube.com/watch?v=BXN2ui2GdQk","BXN2ui2GdQk","HOME- Thunder","Home- Thunder","jHs"
"https://www.youtube.com/watch?v=Ph-ZlIbDnPU","Ph-ZlIbDnPU","No Kisses","Box Of Wolves","jHs"
"https://www.youtube.com/watch?v=E6JyInQknZI","E6JyInQknZI","Float","Zane Alexander","jHs"
"https://www.youtube.com/watch?v=O2eERfTv_PU","O2eERfTv_PU","Paradise Depth","Hello Meteor","jHs"
"https://www.youtube.com/watch?v=zodqLRgzMZA","zodqLRgzMZA","Coastal","Box Of Wolves","jHs"
"https://www.youtube.com/watch?v=IVlSPGA7kpE","IVlSPGA7kpE","Mind Palace","Rosentwig","jHs"
"https://www.youtube.com/watch?v=SM5IC6C2W68","SM5IC6C2W68","bad weather","Kibishi","njS"
"https://www.youtube.com/watch?v=JdF1-eHRdSc","JdF1-eHRdSc","Two","Bedroom","njS"
"https://www.youtube.com/watch?v=SgMrVev2LSE","SgMrVev2LSE","downtime","Pain","njS"
"https://www.youtube.com/watch?v=yDETVPFdbT4","yDETVPFdbT4","Whatever happens, happens..// Verzache","Whatever Happens, Happens..// Verzache","njS"
"https://www.youtube.com/watch?v=juWVhhK_iDw","juWVhhK_iDw","ambitions","Ｊａｒｊａｒｊｒ","njS"
"https://www.youtube.com/watch?v=V8MpPKE9QOQ","V8MpPKE9QOQ","it gets easier.","Spencer Hunt","njS"
"https://www.youtube.com/watch?v=PqxJjghhDJ8","PqxJjghhDJ8","coffee shop whispers","Coffee Shop Whispers","njS"
"https://www.youtube.com/watch?v=S5VcJBFaY_o","S5VcJBFaY_o","know you","Saen feat shiloh","njS"
"https://www.youtube.com/watch?v=_sSVcykel3I","_sSVcykel3I","Jack Colder","Winter Blues","njS"
"https://www.youtube.com/watch?v=Nblgp3Vqgqc","Nblgp3Vqgqc","Scared To Fall In Love With You ","Fudasca","njS"
"https://www.youtube.com/watch?v=Zt4lCsI-uuw","Zt4lCsI-uuw","how could you","Stian","njS"
"https://www.youtube.com/watch?v=c8lNE3yGYAo","c8lNE3yGYAo","i will wait for you to come home (ftSamer Bakri)","Dyslm","njS"
"https://www.youtube.com/watch?v=ClJj6mBwDAU","ClJj6mBwDAU","objetos perdidos","Altitude","njS"
"https://www.youtube.com/watch?v=Jt409UeXWGw","Jt409UeXWGw","love u","Shye","njS"
"https://www.youtube.com/watch?v=WqCpWu8tgRw","WqCpWu8tgRw","letting go","Potsu","njS"
"https://www.youtube.com/watch?v=npD7PW8cVXo","npD7PW8cVXo","Hurry Slowly","Arms And Sleepers","njS"
"https://www.youtube.com/watch?v=0tPRHqGPL8I","0tPRHqGPL8I","until dawn","Slipfunc","njS"
"https://www.youtube.com/watch?v=euXzpWTemeA","euXzpWTemeA","Don't Wanna Let Go (ftDhan)","Skinny Atlas & Monty Datta","njS"
"https://www.youtube.com/watch?v=9HOKnM_Tyuo","9HOKnM_Tyuo","sweet nothing","Slipfunc","njS"
"https://www.youtube.com/watch?v=a1iFCEwoD8o","a1iFCEwoD8o","Séduction","René Aubry","njS"
"https://www.youtube.com/watch?v=B054vK6Flm4","B054vK6Flm4","ein","Enluv","njS"
"https://www.youtube.com/watch?v=xuscYhiOCQQ","xuscYhiOCQQ","Moonlight Shawty","Moonlight Shawty","njS"
"https://www.youtube.com/watch?v=ptSbiEgy9Ng","ptSbiEgy9Ng","Grey","Ronincloud","njS"
"https://www.youtube.com/watch?v=htqHNBOsXx8","htqHNBOsXx8","All These Lies That I've Been Told","Teqkoi X Aiko","njS"
"https://www.youtube.com/watch?v=TR19BtapJjs","TR19BtapJjs","without you, what to do","Nord.","njS"
"https://www.youtube.com/watch?v=qgVd4zt4Wyk","qgVd4zt4Wyk","cold.","Chillintrash","njS"
"https://www.youtube.com/watch?v=daCOmYAJZ_Q","daCOmYAJZ_Q","are you afraid to be lonely?","Fudasca & Snøw","njS"
"https://www.youtube.com/watch?v=ksmFBw0x9bM","ksmFBw0x9bM","please don't try to protect me","Please Don'T Try To Protect Me","njS"
"https://www.youtube.com/watch?v=Pu_NuE60W5E","Pu_NuE60W5E","starving","Alicks","njS"
"https://www.youtube.com/watch?v=oQvLcaL9FX4","oQvLcaL9FX4","Alone Together","Kochetkovv","njS"
"https://www.youtube.com/watch?v=NKjof3UM_M8","NKjof3UM_M8","Snowflakes","Jay-Lounge","njS"
"https://www.youtube.com/watch?v=c6L9KLKa9vg","c6L9KLKa9vg","On The Run","Kayou.","njS"
"https://www.youtube.com/watch?v=jzCKACFf398","jzCKACFf398","stumble","Sapientdream","njS"
"https://www.youtube.com/watch?v=IbZfnuxGv4s","IbZfnuxGv4s","Awamori","Pedrolina.","njS"
"https://www.youtube.com/watch?v=7FzCM1tOIzg","7FzCM1tOIzg","silent love","Sad Boy With A Laptop","njS"
"https://www.youtube.com/watch?v=rtiyllAgR4w","rtiyllAgR4w","i’ll find her someday","Tomii","njS"
"https://www.youtube.com/watch?v=E7YpBpsNmU8","E7YpBpsNmU8","oh darling","Kudasai","njS"
"https://www.youtube.com/watch?v=tPTSwrb6FFI","tPTSwrb6FFI","just hearing your voice","Bvg","njS"
"https://www.youtube.com/watch?v=_mmIArs2-j0","_mmIArs2-j0","lone","Wys","njS"
"https://www.youtube.com/watch?v=uX3W4KDKg0U","uX3W4KDKg0U","lonely","Chiccote'S","njS"
"https://www.youtube.com/watch?v=Bf6eaF6PC-k","Bf6eaF6PC-k","I can't forget you","Kochetkovv","njS"
"https://www.youtube.com/watch?v=XPUifEoxSgg","XPUifEoxSgg","Falling Down FtShiloh","Nohidea","njS"
"https://www.youtube.com/watch?v=juje1eBtEnw","juje1eBtEnw","四月 (shigatsu)","Nogfgoodnight","njS"
"https://www.youtube.com/watch?v=nwa-Krk_-QY","nwa-Krk_-QY","Will You Stay With Me ?","Jordy Chandra","njS"
"https://www.youtube.com/watch?v=qiv-u-MPB2g","qiv-u-MPB2g","Trapcøde","Falling Apart","njS"
"https://www.youtube.com/watch?v=6e6RRyn_2fw","6e6RRyn_2fw","wish you cared","Jisatsui","njS"
"https://www.youtube.com/watch?v=2eR9WvQtvaw","2eR9WvQtvaw","i dont love you","Iam6Teen","njS"
"https://www.youtube.com/watch?v=DjN8-FvLwaQ","DjN8-FvLwaQ","Kalon","Sxul","njS"
"https://www.youtube.com/watch?v=pITLKNl5mPc","pITLKNl5mPc","there is hope","Kochetkovv","njS"
"https://www.youtube.com/watch?v=dZ_HRLgG_5Q","dZ_HRLgG_5Q","Last May","Yonderling","njS"
"https://www.youtube.com/watch?v=8K44gsgZNMc","8K44gsgZNMc","Forever","Dawzee","njS"
"https://www.youtube.com/watch?v=9-UtJqfGrwk","9-UtJqfGrwk","love comes, love goes","Iam6Teen","njS"
"https://www.youtube.com/watch?v=qIaBf10CkGM","qIaBf10CkGM","Stay","Longlost","njS"
"https://www.youtube.com/watch?v=ohqY6EU5N3g","ohqY6EU5N3g","Hanami","~Flynn","njS"
"https://www.youtube.com/watch?v=bUMn2RbL4is","bUMn2RbL4is","Last Goodbye","Mondo Loops","njS"
"https://www.youtube.com/watch?v=ERily-qE_Ho","ERily-qE_Ho","Left Speechless","Albert Green","njS"
"https://www.youtube.com/watch?v=PXSGckIfgZ0","PXSGckIfgZ0","Whispers In The Dark","Purrple Cat","njS"
"https://www.youtube.com/watch?v=08l3x0SLNhw","08l3x0SLNhw","honeymoon.","Kanisan","njS"
"https://www.youtube.com/watch?v=fiGWTnCnbAk","fiGWTnCnbAk","tolva","Soitchy","njS"
"https://www.youtube.com/watch?v=Pa60TknCfwc","Pa60TknCfwc","the day i gave her everything","Kiraiyzu","njS"
"https://www.youtube.com/watch?v=stsbnyu8uWk","stsbnyu8uWk","be myself","Chiccote'S Beats","njS"
"https://www.youtube.com/watch?v=Q0ZKDGMToDM","Q0ZKDGMToDM","Sudden Shower","Yarai","njS"
"https://www.youtube.com/watch?v=RiO_q5EDLxM","RiO_q5EDLxM","sorry","Merlean","njS"
"https://www.youtube.com/watch?v=Xhyei09vA_k","Xhyei09vA_k","I think about you when it rains","Vλn","njS"
"https://www.youtube.com/watch?v=efbrKFtXbm0","efbrKFtXbm0","Formless Gift","Creative Self","njS"
"https://www.youtube.com/watch?v=IdTkAPIxNj0","IdTkAPIxNj0","Harbour","Enzalla","njS"
"https://www.youtube.com/watch?v=KWZX2KSSx5c","KWZX2KSSx5c","The Outdoors","Aireey","njS"
"https://www.youtube.com/watch?v=fngZbcDtPXk","fngZbcDtPXk","Gonna be Okay","Neology","njS"
"https://www.youtube.com/watch?v=MZtgJe-eWlE","MZtgJe-eWlE","Warm rain","Setogiwa","njS"
"https://www.youtube.com/watch?v=6G4jf1uNql0","6G4jf1uNql0","Still Dreaming","Klover","njS"
"https://www.youtube.com/watch?v=ikPBLMAxzaA","ikPBLMAxzaA","Solace (featTowerz)","Thorn.Vii","njS"
"https://www.youtube.com/watch?v=hq1L4Z_QrOk","hq1L4Z_QrOk","Nikitsume (w/ Eeyore)","Ozu","njS"
"https://www.youtube.com/watch?v=TS6mTUctBGs","TS6mTUctBGs","You","A-Drews","njS"
"https://www.youtube.com/watch?v=DqH7cbuYj-k","DqH7cbuYj-k","in the clouds","Siapan","njS"
"https://www.youtube.com/watch?v=yK3Se-JTPGg","yK3Se-JTPGg","Winter Memories","Yenji","njS"
"https://www.youtube.com/watch?v=OSWunAJm6pg","OSWunAJm6pg","sad boi hours","Kowkaine","njS"
"https://www.youtube.com/watch?v=PZb9TBwMRQM","PZb9TBwMRQM","Rainy","Cosmonkey","njS"
"https://www.youtube.com/watch?v=la1vATjpoUk","la1vATjpoUk","Orange Tree","Tofi","njS"
"https://www.youtube.com/watch?v=nhZprQkkYfM","nhZprQkkYfM","thinking about her","Clément Matrat","njS"
"https://www.youtube.com/watch?v=LS2kZS1BwLM","LS2kZS1BwLM","grooving arpeggios","Melmo","njS"
"https://www.youtube.com/watch?v=qGo_irsGJ4o","qGo_irsGJ4o","Your tears lofi beat","Stev.","njS"
"https://www.youtube.com/watch?v=gL6goyWfa80","gL6goyWfa80","twilight","Spencer Hunt","njS"
"https://www.youtube.com/watch?v=WECA7gvUVoY","WECA7gvUVoY","Savour","Kiss The Moon","njS"
"https://www.youtube.com/watch?v=mp6sOeIBkbY","mp6sOeIBkbY","let me hold you","Kanisan","njS"
"https://www.youtube.com/watch?v=6V0vZWDu7-Q","6V0vZWDu7-Q","Homegrown.","Sebastian Kamae","njS"
"https://www.youtube.com/watch?v=jNYMZ5dQ0yg","jNYMZ5dQ0yg","Yakusoku","Pedrolina.","njS"
"https://www.youtube.com/watch?v=TpQpvaYzgfU","TpQpvaYzgfU","U in the orange light","Racoon With A Groovebox","njS"
"https://www.youtube.com/watch?v=U2I8v8czq10","U2I8v8czq10","Ohana","Aireey","njS"
"https://www.youtube.com/watch?v=x1y39KO4e6c","x1y39KO4e6c","magic carpet","Crwsox","njS"
"https://www.youtube.com/watch?v=ILfww_HpleI","ILfww_HpleI","meaningless","E E V E E","njS"
"https://www.youtube.com/watch?v=Qj5XHiKEctM","Qj5XHiKEctM","squid ethics x jhfly","Squid Ethics X Jhfly","njS"
"https://www.youtube.com/watch?v=5hFQWwJ0LJQ","5hFQWwJ0LJQ","i don't have internet","A L E X","njS"
"https://www.youtube.com/watch?v=9wdvrykZ0Ug","9wdvrykZ0Ug","Dreamin","Xori","njS"
"https://www.youtube.com/watch?v=9MrUUqCYkk4","9MrUUqCYkk4","the night we met","Furino","njS"
"https://www.youtube.com/watch?v=IiAx35uNUuI","IiAx35uNUuI","Sunsets","Soho","njS"
"https://www.youtube.com/watch?v=tD5K-e0IAeg","tD5K-e0IAeg","Nagashi","Idealism","njS"
"https://www.youtube.com/watch?v=smmmbwBu2Vs","smmmbwBu2Vs","Emotional","Tomppabeats","njS"
"https://www.youtube.com/watch?v=8l4nljFGbuo","8l4nljFGbuo","sunrise","MtFujitive","njS"
"https://www.youtube.com/watch?v=D2zeuD5CRTU","D2zeuD5CRTU","Elisabeth","〘 E I S U 〙","njS"
"https://www.youtube.com/watch?v=iMdHq2zHUNA","iMdHq2zHUNA","hey i miss u","Chrsbrry","njS"
"https://www.youtube.com/watch?v=4SIP5rWq8p8","4SIP5rWq8p8","r e f l e c t i o n","Levox","njS"
